Kelas,Semester,Bab,Lingkup Materi,Alokasi JP,Status
VII,Ganjil,1,"التعارف — Perkenalan",18,"Rancangan preview"
VII,Ganjil,2,"المرافق المدرسية — Fasilitas Sekolah",18,"Rancangan preview"
VII,Ganjil,3,"الأدوات المدرسية — Peralatan Sekolah",18,"Rancangan preview"
VII,Genap,4,"العنوان — Alamat",18,"Rancangan preview"
VII,Genap,5,"البيت — Rumah",18,"Rancangan preview"
VII,Genap,6,"من يوميات الأسرة — Kegiatan Harian Keluarga",18,"Rancangan preview"
VIII,Ganjil,1,"الساعة — Waktu/Jam",18,"Rancangan preview"
VIII,Ganjil,2,"يومياتنا — Kegiatan Harian Kita",18,"Rancangan preview"
VIII,Ganjil,3,"الهواية — Hobi",18,"Rancangan preview"
VIII,Genap,4,"الرياضة — Olahraga",18,"Rancangan preview"
VIII,Genap,5,"المهنة — Profesi",18,"Rancangan preview"
VIII,Genap,6,"عيادة المرضى — Menjenguk Orang Sakit",18,"Rancangan preview"
IX,Ganjil,1,"رأس السنة الهجرية — Tahun Baru Hijriah",18,"Rancangan preview"
IX,Ganjil,2,"الحفل بمولد الرسول — Peringatan Maulid Rasul",18,"Rancangan preview"
IX,Ganjil,3,"نزول القرآن والعيدان — Nuzulul Qur'an dan Dua Hari Raya",18,"Rancangan preview"
IX,Genap,4,"جمال الطبيعة — Keindahan Alam",18,"Rancangan preview"
IX,Genap,5,"خالق العالم — Pencipta Alam",18,"Rancangan preview"
IX,Genap,6,"الحفاظ على البيئة — Menjaga Lingkungan",18,"Rancangan preview"
